000001,银行
000002,全国地产
000004,软件服务
000005,环境保护
000006,区域地产
000007,酒店餐饮
000008,运输设备
000009,电气设备
000010,建筑工程
000011,区域地产
000012,玻璃
000014,全国地产
000016,家用电器
000017,文教休闲
000019,其他商业
000020,元器件
000021,IT设备
000023,水泥
000025,汽车服务
000026,其他商业
000027,火力发电
000028,医药商业
000029,区域地产
000030,汽车配件
000031,全国地产
000032,元器件
000034,综合类
000035,环境保护
000036,全国地产
000037,火力发电
000038,综合类
000039,轻工机械
000040,新型电力
000042,全国地产
000045,元器件
000046,多元金融
000048,饲料
000049,电气设备
000050,元器件
000055,其他建材
000056,房产服务
000058,商品城
000059,石油加工
000060,铅锌
000061,农业综合
000062,批发业
000063,通信设备
000065,建筑工程
000066,IT设备
000068,环境保护
000069,旅游景点
000070,通信设备
000078,医药商业
000088,港口
000089,机场
000090,建筑工程
000096,石油贸易
000099,空运
000100,元器件
000150,生物制药
000151,商贸代理
000153,化学制药
000155,新型电力
000156,影视音像
000157,工程机械
000158,软件服务
000159,石油贸易
000166,证券
000301,化纤
000333,家用电器
000338,汽车配件
000400,电气设备
000401,水泥
000402,全国地产
000403,生物制药
000404,家用电器
000407,供气供热
000408,农药化肥
000409,软件服务
000410,机床制造
000411,医药商业
000413,元器件
000415,多元金融
000416,多元金融
000417,百货
000419,百货
000420,化纤
000421,供气供热
000422,农药化肥
000423,中成药
000425,工程机械
000426,铅锌
000428,酒店餐饮
000429,路桥
000430,旅游景点
000488,造纸
000498,建筑工程
000501,百货
000502,综合类
000503,软件服务
000504,生物制药
000505,食品
000506,黄金
000507,港口
000509,医疗保健
000510,化工原料
000513,化学制药
000514,区域地产
000516,医疗保健
000517,区域地产
000518,生物制药
000519,专用机械
000520,水运
000521,家用电器
000523,日用化工
000524,酒店餐饮
000525,农药化肥
000526,文教休闲
000528,工程机械
000529,出版业
000530,机械基件
000531,火力发电
000532,多元金融
000533,电气设备
000534,生物制药
000536,元器件
000537,区域地产
000538,中成药
000539,火力发电
000540,多元金融
000541,家用电器
000543,火力发电
000544,环境保护
000545,化工原料
000546,环境保护
000547,通信设备
000548,路桥
000550,汽车整车
000551,专用机械
000552,煤炭开采
000553,农药化肥
000554,石油贸易
000555,软件服务
000557,铁路
000558,文教休闲
000559,汽车配件
000560,房产服务
000561,通信设备
000563,多元金融
000564,百货
000565,染料涂料
000566,化学制药
000567,多元金融
000568,白酒
000570,机械基件
000571,煤炭开采
000572,汽车整车
000573,区域地产
000576,食品
000581,汽车配件
000582,港口
000584,专用机械
000585,电气设备
000586,通信设备
000587,批发业
000589,汽车配件
000590,中成药
000591,新型电力
000592,林业
000593,供气供热
000595,机械基件
000596,白酒
000597,化学制药
000598,水务
000599,汽车配件
000600,火力发电
000601,水力发电
000603,铅锌
000605,水务
000606,互联网
000607,广告包装
000608,区域地产
000609,区域地产
000610,旅游服务
000611,商贸代理
000612,铝
000613,旅游服务
000615,区域地产
000616,全国地产
000617,多元金融
000619,其他建材
000620,全国地产
000622,汽车配件
000623,中成药
000625,汽车整车
000626,商贸代理
000627,保险
000628,园区开发
000629,小金属
000630,铜
000631,区域地产
000632,综合类
000633,小金属
000635,化工原料
000636,元器件
000637,石油加工
000638,软件服务
000639,食品
000650,中成药
000651,家用电器
000652,批发业
000655,普钢
000656,区域地产
000657,小金属
000659,广告包装
000661,生物制药
000663,林业
000665,影视音像
000666,多元金融
000667,全国地产
000668,区域地产
000669,供气供热
000671,区域地产
000672,水泥
000673,影视音像
000676,互联网
000677,化纤
000678,汽车配件
000679,百货
000680,工程机械
000681,互联网
000682,电气设备
000683,化工原料
000685,水务
000686,证券
000687,通信设备
000688,铅锌
000690,火力发电
000691,化工原料
000692,供气供热
000695,广告包装
000697,航空
000698,化工原料
000700,汽车配件
000701,综合类
000702,饲料
000703,化纤
000705,医药商业
000707,化工原料
000708,特种钢
000709,普钢
000710,医疗保健
000711,环境保护
000712,证券
000713,种植业
000715,百货
000716,食品
000717,普钢
000718,区域地产
000719,出版业
000720,区域地产
000721,酒店餐饮
000722,水力发电
000723,焦炭加工
000725,元器件
000726,纺织
000727,元器件
000728,证券
000729,啤酒
000731,农药化肥
000732,区域地产
000733,元器件
000735,农业综合
000736,全国地产
000737,日用化工
000738,航空
000739,化学制药
000750,证券
000751,铅锌
000752,啤酒
000753,汽车服务
000755,路桥
000756,化学制药
000757,汽车配件
000758,铅锌
000759,超市连锁
000761,普钢
000762,小金属
000766,化学制药
000767,火力发电
000768,航空
000776,证券
000777,机械基件
000778,钢加工
000779,建筑工程
000782,化纤
000783,证券
000785,百货
000786,其他建材
000788,化学制药
000789,水泥
000790,中成药
000791,水力发电
000792,化工原料
000793,出版业
000795,矿物制品
000796,旅游服务
000797,全国地产
000798,渔业
000799,白酒
000800,汽车整车
000801,家用电器
000802,影视音像
000803,环境保护
000806,电气设备
000807,铝
000809,区域地产
000810,家用电器
000811,工程机械
000812,广告包装
000813,化学制药
000815,造纸
000816,农用机械
000818,化工原料
000819,石油加工
000820,环境保护
000821,轻工机械
000822,化工原料
000823,元器件
000825,特种钢
000826,环境保护
000828,路桥
000829,其他商业
000830,农药化肥
000831,小金属
000833,食品
000835,影视音像
000836,通信设备
000837,机床制造
000838,区域地产
000839,综合类
000848,软饮料
000850,纺织
000851,通信设备
000852,化工机械
000856,机械基件
000858,白酒
000859,塑料
000860,白酒
000861,其他商业
000862,新型电力
000863,区域地产
000868,汽车整车
000869,红黄酒
000875,火力发电
000876,饲料
000877,水泥
000878,铜
000880,机械基件
000881,综合类
000882,其他商业
000883,火力发电
000885,路桥
000886,路桥
000887,汽车配件
000888,旅游景点
000889,通信设备
000890,钢加工
000892,影视音像
000893,农药化肥
000895,食品
000897,区域地产
000898,普钢
000899,火力发电
000900,路桥
000901,汽车配件
000902,农药化肥
000903,汽车配件
000905,港口
000906,仓储物流
000908,化学制药
000909,综合类
000910,家居用品
000911,食品
000912,农药化肥
000913,摩托车
000915,化学制药
000917,影视音像
000918,全国地产
000919,化学制药
000920,环境保护
000921,家用电器
000922,电气设备
000923,普钢
000925,专用机械
000926,区域地产
000927,批发业
000928,建筑工程
000929,啤酒
000930,农业综合
000931,生物制药
000932,普钢
000933,铝
000935,水泥
000936,化纤
000937,煤炭开采
000938,软件服务
000948,软件服务
000949,化纤
000950,医药商业
000951,汽车整车
000952,化学制药
000953,化学制药
000955,纺织
000957,汽车整车
000958,多元金融
000959,普钢
000960,小金属
000961,建筑工程
000962,小金属
000963,化学制药
000965,区域地产
000966,火力发电
000967,环境保护
000968,石油开采
000969,小金属
000970,元器件
000971,互联网
000972,食品
000973,塑料
000975,黄金
000976,运输设备
000977,IT设备
000978,旅游景点
000980,汽车配件
000981,汽车配件
000982,纺织
000983,煤炭开采
000985,化工原料
000987,多元金融
000988,电器仪表
000989,中成药
000990,化工原料
000993,水力发电
000995,白酒
000996,汽车服务
000997,软件服务
000998,种植业
000999,中成药
001201,农业综合
001202,仓储物流
001203,普钢
001205,水运
001206,造纸
001207,化工原料
001208,电气设备
001209,服饰
001210,供气供热
001211,家居用品
001212,其他建材
001213,仓储物流
001215,食品
001216,家居用品
001217,化工原料
001218,化工原料
001219,食品
001227,银行
001234,服饰
001266,电器仪表
001267,建筑工程
001288,专用机械
001289,新型电力
001296,其他建材
001308,元器件
001313,饲料
001317,仓储物流
001696,摩托车
001872,港口
001896,火力发电
001914,房产服务
001965,路桥
001979,全国地产
002001,化学制药
002002,化工原料
002003,服饰
002004,化学制药
002005,家用电器
002006,专用机械
002007,生物制药
002008,电器仪表
002009,工程机械
002010,仓储物流
002011,家用电器
002012,造纸
002013,航空
002014,塑料
002015,新型电力
002016,区域地产
002017,通信设备
002019,化学制药
002020,化学制药
002021,纺织机械
002022,医疗保健
002023,航空
002024,电器连锁
002025,元器件
002026,机械基件
002027,广告包装
002028,电气设备
002029,服饰
002030,医疗保健
002031,汽车配件
002032,家用电器
002033,旅游景点
002034,环境保护
002035,家用电器
002036,元器件
002037,化工原料
002038,生物制药
002039,水力发电
002040,港口
002041,种植业
002042,纺织
002043,其他建材
002044,医疗保健
002045,元器件
002046,机械基件
002047,装修装饰
002048,汽车配件
002049,元器件
002050,家用电器
002051,建筑工程
002052,家用电器
002053,食品
002054,化工原料
002055,元器件
002056,元器件
002057,元器件
002058,电器仪表
002059,旅游景点
002060,建筑工程
002061,建筑工程
002062,建筑工程
002063,软件服务
002064,化纤
002065,软件服务
002066,其他建材
002067,造纸
002068,化工原料
002069,渔业
002072,商贸代理
002073,软件服务
002074,电气设备
002075,特种钢
002076,家用电器
002077,半导体
002078,造纸
002079,半导体
002080,化纤
002081,装修装饰
002082,中成药
002083,纺织
002084,家居用品
002085,汽车配件
002086,渔业
002087,纺织
002088,矿物制品
002089,通信设备
002090,软件服务
002091,商贸代理
002092,化工原料
002093,电信运营
002094,日用化工
002095,互联网
002096,化工原料
002097,工程机械
002098,服饰
002099,化学制药
002100,饲料
002101,汽车配件
002102,化学制药
002103,文教休闲
002104,元器件
002105,摩托车
002106,元器件
002107,中成药
002108,塑料
002109,化工原料
002110,普钢
002111,航空
002112,电气设备
002113,互联网
002114,铅锌
002115,广告包装
002116,建筑工程
002117,广告包装
002118,中成药
002119,半导体
002120,仓储物流
002121,电器仪表
002122,机械基件
002123,互联网
002124,饲料
002125,化工原料
002126,汽车配件
002127,互联网
002128,煤炭开采
002129,电气设备
002130,电气设备
002131,互联网
002132,钢加工
002133,全国地产
002134,元器件
002135,建筑工程
002136,化工原料
002137,通信设备
002138,元器件
002139,元器件
002140,建筑工程
002141,电气设备
002142,银行
002144,纺织
002145,化工原料
002146,全国地产
002147,区域地产
002148,互联网
002149,小金属
002150,机械基件
002151,通信设备
002152,IT设备
002153,软件服务
002154,服饰
002155,黄金
002156,半导体
002157,农业综合
002158,工程机械
002159,旅游服务
002160,铝
002161,通信设备
002162,陶瓷
002163,装修装饰
002164,电气设备
002165,化工原料
002166,中成药
002167,小金属
002168,互联网
002169,电气设备
002170,农药化肥
002171,铜
002172,化纤
002173,医疗保健
002174,互联网
002175,电器仪表
002176,电气设备
002177,IT设备
002178,建筑工程
002179,元器件
002180,IT设备
002181,出版业
002182,小金属
002183,仓储物流
002184,软件服务
002185,半导体
002186,酒店餐饮
002187,百货
002188,广告包装
002189,元器件
002190,汽车配件
002191,广告包装
002192,小金属
002193,纺织
002194,通信设备
002195,软件服务
002196,纺织机械
002197,电器仪表
002198,中成药
002199,元器件
002200,环境保护
002201,玻璃
002202,电气设备
002203,铜
002204,专用机械
002205,其他建材
002206,化纤
002207,石油开采
002208,区域地产
002209,轻工机械
002210,仓储物流
002211,橡胶
002212,软件服务
002213,汽车配件
002214,电器仪表
002215,农药化肥
002216,食品
002217,元器件
002218,电气设备
002219,医疗保健
002221,石油贸易
002222,元器件
002223,医疗保健
002224,橡胶
002225,其他建材
002226,化工原料
002227,电气设备
002228,广告包装
002229,广告包装
002230,软件服务
002231,通信设备
002232,软件服务
002233,水泥
002234,农业综合
002235,造纸
002236,电器仪表
002237,黄金
002238,影视音像
002239,汽车配件
002240,小金属
002241,元器件
002242,家用电器
002243,塑料
002244,区域地产
002245,电气设备
002246,化工原料
002247,其他建材
002248,机床制造
002249,电气设备
002250,化工原料
002251,超市连锁
002252,生物制药
002253,软件服务
002254,化纤
002255,专用机械
002256,新型电力
002258,农药化肥
002259,供气供热
002261,互联网
002262,化学制药
002263,塑料
002264,超市连锁
002265,汽车配件
002266,环境保护
002267,供气供热
002268,软件服务
002269,服饰
002270,电气设备
002271,其他建材
002272,机械基件
002273,元器件
002274,农药化肥
002275,中成药
002276,电气设备
002277,百货
002278,化工机械
002279,软件服务
002280,软件服务
002281,通信设备
002282,轻工机械
002283,汽车配件
002284,汽车配件
002285,房产服务
002286,食品
002287,中成药
002288,元器件
002289,元器件
002290,家用电器
002291,服饰
002292,影视音像
002293,纺织
002294,化学制药
002295,铜
002296,通信设备
002297,矿物制品
002298,软件服务
002299,农业综合
002300,电气设备
002301,文教休闲
002302,水泥
002303,造纸
002304,白酒
002305,区域地产
002306,互联网
002307,建筑工程
002308,IT设备
002309,电气设备
002310,建筑工程
002311,饲料
002312,化工原料
002313,通信设备
002314,区域地产
002315,互联网
002316,软件服务
002317,中成药
002318,特种钢
002319,染料涂料
002320,水运
002321,农业综合
002322,软件服务
002323,建筑工程
002324,塑料
002325,装修装饰
002326,化工原料
002327,纺织
002328,汽车配件
002329,乳制品
002330,食品
002331,软件服务
002332,生物制药
002333,铝
002334,电气设备
002335,电气设备
002336,超市连锁
002337,化工机械
002338,电器仪表
002339,电气设备
002340,小金属
002341,化工原料
002342,机械基件
002343,影视音像
002344,商品城
002345,服饰
002346,电气设备
002347,机械基件
002348,文教休闲
002349,中成药
002350,电气设备
002351,IT设备
002352,仓储物流
002353,化工机械
002354,互联网
002355,汽车配件
002356,其他商业
002357,公路
002358,电气设备
002360,化工原料
002361,化工原料
002362,软件服务
002363,汽车配件
002364,电气设备
002365,化学制药
002366,专用机械
002367,运输设备
002368,软件服务
002369,通信设备
002370,化学制药
002371,半导体
002372,其他建材
002373,软件服务
002374,广告包装
002375,装修装饰
002376,IT设备
002377,房产服务
002378,小金属
002379,铝
002380,电气设备
002381,橡胶
002382,医疗保健
002383,通信设备
002384,元器件
002385,饲料
002386,化工原料
002387,元器件
002388,元器件
002389,航空
002390,中成药
002391,农药化肥
002392,其他建材
002393,化学制药
002394,纺织
002395,塑料
002396,通信设备
002397,纺织
002398,其他建材
002399,化学制药
002400,广告包装
002401,软件服务
002402,元器件
002403,家用电器
002404,纺织
002405,软件服务
002406,汽车配件
002407,化工原料
002408,化工原料
002409,化工原料
002410,软件服务
002411,化学制药
002412,中成药
002413,通信设备
002414,电器仪表
002415,电器仪表
002416,电器连锁
002417,软件服务
002418,家用电器
002419,百货
002420,家用电器
002421,软件服务
002422,化学制药
002423,多元金融
002424,中成药
002425,互联网
002426,元器件
002427,化纤
002428,小金属
002429,家用电器
002430,化工机械
002431,建筑工程
002432,医疗保健
002433,中成药
002434,汽车配件
002435,化学制药
002436,元器件
002437,化学制药
002438,机械基件
002439,软件服务
002440,染料涂料
002441,批发业
002442,化工原料
002443,钢加工
002444,轻工机械
002445,影视音像
002446,通信设备
002447,互联网
002448,汽车配件
002449,半导体
002451,电气设备
002452,电气设备
002453,软件服务
002454,汽车配件
002455,化工原料
002456,元器件
002457,塑料
002458,农业综合
002459,电气设备
002460,小金属
002461,啤酒
002462,医药商业
002463,元器件
002464,互联网
002465,通信设备
002466,小金属
002467,电信运营
002468,仓储物流
002469,化工原料
002470,农药化肥
002471,电气设备
002472,汽车配件
002473,家用电器
002474,软件服务
002475,元器件
002476,化工原料
002478,钢加工
002479,环境保护
002480,机械基件
002481,食品
002482,装修装饰
002483,工程机械
002484,元器件
002485,服饰
002486,服饰
002487,电气设备
002488,汽车配件
002489,家居用品
002490,化工机械
002491,通信设备
002492,仓储物流
002493,化纤
002494,服饰
002495,食品
002496,农药化肥
002497,化工原料
002498,电气设备
002499,环境保护
002500,证券
002501,铝
002502,影视音像
002503,服饰
002504,装修装饰
002505,商贸代理
002506,电气设备
002507,食品
002508,家用电器
002510,汽车配件
002511,造纸
002512,元器件
002513,农药化肥
002514,机械基件
002515,食品
002516,汽车配件
002517,互联网
002518,电气设备
002519,通信设备
002520,机床制造
002521,造纸
002522,塑料
002523,工程机械
002524,医疗保健
002526,工程机械
002527,电器仪表
002528,IT设备
002529,专用机械
002530,软件服务
002531,电气设备
002532,铝
002533,电气设备
002534,专用机械
002535,工程机械
002536,汽车配件
002537,汽车配件
002538,农药化肥
002539,农药化肥
002540,铝
002541,钢加工
002542,建筑工程
002543,家用电器
002544,通信设备
002545,钢加工
002546,电气设备
002547,通信设备
002548,饲料
002549,环境保护
002550,生物制药
002551,医疗保健
002552,机械基件
002553,汽车配件
002554,石油开采
002555,互联网
002556,农药化肥
002557,食品
002558,互联网
002559,机床制造
002560,电气设备
002561,百货
002562,化学制药
002563,服饰
002564,建筑工程
002565,造纸
002566,中成药
002567,饲料
002568,红黄酒
002569,服饰
002570,乳制品
002571,玻璃
002572,家居用品
002573,环境保护
002574,服饰
002575,文教休闲
002576,电气设备
002577,IT设备
002578,铝
002579,元器件
002580,电气设备
002581,生物制药
002582,食品
002583,通信设备
002584,化工原料
002585,塑料
002586,建筑工程
002587,元器件
002588,农药化肥
002589,医药商业
002590,汽车配件
002591,化工原料
002592,汽车配件
002593,汽车配件
002594,汽车整车
002595,专用机械
002596,其他建材
002597,食品
002598,机械基件
002599,广告包装
002600,元器件
002601,化工原料
002602,互联网
002603,中成药
002605,互联网
002606,电气设备
002607,文教休闲
002608,火力发电
002609,软件服务
002610,电气设备
002611,轻工机械
002612,服饰
002613,专用机械
002614,家用电器
002615,家居用品
002616,环境保护
002617,电气设备
002618,元器件
002619,互联网
002620,装修装饰
002621,文教休闲
002622,电气设备
002623,玻璃
002624,影视音像
002625,航空
002626,医疗保健
002627,公共交通
002628,建筑工程
002629,石油开采
002630,专用机械
002631,家居用品
002632,化工原料
002633,机械基件
002634,服饰
002635,IT设备
002636,元器件
002637,日用化工
002638,文教休闲
002639,专用机械
002640,互联网
002641,塑料
002642,软件服务
002643,化工原料
002644,中成药
002645,专用机械
002646,白酒
002647,多元金融
002648,化工原料
002649,软件服务
002650,食品
002651,专用机械
002652,其他建材
002653,化学制药
002654,互联网
002655,元器件
002656,服饰
002657,软件服务
002658,环境保护
002659,文教休闲
002660,电气设备
002661,食品
002662,汽车配件
002663,建筑工程
002664,汽车配件
002665,电气设备
002666,化工原料
002667,工程机械
002668,家用电器
002669,化工原料
002670,证券
002671,其他建材
002672,环境保护
002673,证券
002674,纺织
002675,化学制药
002676,家用电器
002677,家用电器
002678,文教休闲
002679,林业
002681,家用电器
002682,仓储物流
002683,化工原料
002684,汽车服务
002685,工程机械
002686,专用机械
002687,服饰
002688,农业综合
002689,运输设备
002690,专用机械
002691,专用机械
002692,电气设备
002693,生物制药
002694,塑料
002695,食品
002696,饲料
002697,超市连锁
002698,化工机械
002699,影视音像
002700,供气供热
002701,广告包装
002702,食品
002703,汽车配件
002705,家用电器
002706,电气设备
002707,旅游服务
002708,汽车配件
002709,化工原料
002712,广告包装
002713,装修装饰
002714,农业综合
002715,汽车配件
002716,小金属
002717,环境保护
002718,家居用品
002719,乳制品
002721,服饰
002722,纺织机械
002723,家用电器
002724,半导体
002725,汽车配件
002726,食品
002727,医药商业
002728,中成药
002729,元器件
002730,电气设备
002731,服饰
002732,乳制品
002733,电气设备
002734,农药化肥
002735,塑料
002736,证券
002737,中成药
002738,小金属
002739,影视音像
002740,服饰
002741,化工原料
002742,其他建材
002743,钢加工
002745,电气设备
002746,食品
002747,机械基件
002748,化工原料
002749,农药化肥
002750,中成药
002751,家居用品
002752,广告包装
002753,化工原料
002755,化学制药
002756,特种钢
002757,专用机械
002758,医药商业
002759,家用电器
002760,机械基件
002761,建筑工程
002762,服饰
002763,服饰
002765,元器件
002766,汽车配件
002767,电器仪表
002768,塑料
002769,仓储物流
002770,乳制品
002771,软件服务
002772,种植业
002773,化学制药
002774,运输设备
002775,建筑工程
002776,服饰
002777,软件服务
002778,石油加工
002779,农用机械
002780,其他商业
002781,装修装饰
002782,电气设备
002783,化工原料
002785,其他建材
002786,专用机械
002787,广告包装
002788,医药商业
002789,装修装饰
002790,家居用品
002791,其他建材
002792,通信设备
002793,化学制药
002795,机械基件
002796,通信设备
002797,证券
002798,家居用品
002799,广告包装
002800,仓储物流
002801,电气设备
002802,化工原料
002803,互联网
002805,化工原料
002806,铝
002807,银行
002808,元器件
002809,化工原料
002810,化工原料
002811,装修装饰
002812,电气设备
002813,汽车配件
002815,元器件
002816,专用机械
002817,化学制药
002818,其他商业
002819,电器仪表
002820,食品
002821,生物制药
002822,装修装饰
002823,机械基件
002824,铝
002825,化工原料
002826,化学制药
002827,化工原料
002828,石油开采
002829,航空
002830,装修装饰
002831,广告包装
002832,服饰
002833,专用机械
002835,元器件
002836,广告包装
002837,专用机械
002838,塑料
002839,银行
002840,食品
002841,元器件
002842,小金属
002843,钢加工
002845,元器件
002846,广告包装
002847,食品
002848,家用电器
002849,电器仪表
002850,电气设备
002851,电气设备
002852,食品
002853,家居用品
002855,元器件
002856,装修装饰
002857,电器仪表
002858,文教休闲
002859,元器件
002860,家用电器
002861,通信设备
002862,文教休闲
002863,汽车配件
002864,中成药
002865,汽车配件
002866,IT设备
002867,服饰
002868,农业综合
002869,通信设备
002870,汽车配件
002871,机械基件
002872,化学制药
002873,中成药
002875,服饰
002876,元器件
002877,电器仪表
002878,文教休闲
002879,电气设备
002880,生物制药
002881,通信设备
002882,电气设备
002883,建筑工程
002884,专用机械
002885,元器件
002886,塑料
002887,环境保护
002888,元器件
002889,仓储物流
002890,农用机械
002891,饲料
002892,电气设备
002893,供气供热
002895,化工原料
002896,机械基件
002897,元器件
002898,化学制药
002899,文教休闲
002900,化学制药
002901,医疗保健
002902,元器件
002903,机床制造
002905,影视音像
002906,汽车配件
002907,化学制药
002908,元器件
002909,化工原料
002910,乳制品
002911,供气供热
002912,软件服务
002913,元器件
002915,化工原料
002916,元器件
002917,化工原料
002918,其他建材
002919,日用化工
002920,汽车配件
002921,汽车配件
002922,电气设备
002923,化学制药
002925,元器件
002926,证券
002927,电气设备
002928,空运
002929,通信设备
002930,仓储物流
002931,汽车配件
002932,医疗保健
002933,航空
002935,航空
002936,银行
002937,元器件
002938,元器件
002939,证券
002940,化学制药
002941,建筑工程
002942,农药化肥
002943,机床制造
002945,证券
002946,乳制品
002947,元器件
002948,银行
002949,建筑工程
002950,医疗保健
002951,广告包装
002952,元器件
002953,电气设备
002955,IT设备
002956,食品
002957,专用机械
002958,银行
002959,家用电器
002960,专用机械
002961,多元金融
002962,元器件
002963,装修装饰
002965,汽车配件
002966,银行
002967,综合类
002968,房产服务
002969,广告包装
002970,通信设备
002971,化工原料
002972,运输设备
002973,环境保护
002975,专用机械
002976,汽车配件
002977,通信设备
002978,小金属
002979,专用机械
002980,电器仪表
002981,元器件
002982,农业综合
002983,元器件
002984,汽车配件
002985,航空
002986,化工原料
002987,软件服务
002988,铝
002989,装修装饰
002990,软件服务
002991,食品
002992,元器件
002993,元器件
002995,互联网
002996,铝
002997,专用机械
002998,化纤
002999,批发业
003000,食品
003001,建筑工程
003002,化工原料
003003,广告包装
003004,软件服务
003005,软件服务
003006,造纸
003007,软件服务
003008,电气设备
003009,航空
003010,互联网
003011,家居用品
003012,陶瓷
003013,建筑工程
003015,元器件
003016,服饰
003017,化工原料
003018,塑料
003019,元器件
003020,化学制药
003021,元器件
003022,化工原料
003023,家用电器
003025,机械基件
003026,半导体
003027,环境保护
003028,元器件
003029,软件服务
003030,食品
003031,元器件
003032,文教休闲
003033,机械基件
003035,新型电力
003036,纺织机械
003037,水泥
003038,铝
003039,水务
003040,元器件
003041,纺织
003042,农药化肥
003043,专用机械
003816,新型电力
300001,电气设备
300002,软件服务
300003,医疗保健
300004,电气设备
300005,服饰
300006,化学制药
300007,电器仪表
300008,船舶
300009,生物制药
300010,软件服务
300011,运输设备
300012,电器仪表
300013,仓储物流
300014,电气设备
300015,医疗保健
300016,化学制药
300017,电信运营
300018,电气设备
300019,化工原料
300020,软件服务
300021,农业综合
300022,农用机械
300023,专用机械
300024,专用机械
300025,通信设备
300026,中成药
300027,影视音像
300029,电气设备
300030,医疗保健
300031,互联网
300032,元器件
300033,软件服务
300034,航空
300035,电气设备
300036,软件服务
300037,化工原料
300038,互联网
300039,中成药
300040,电气设备
300041,化工原料
300042,IT设备
300043,文教休闲
300044,软件服务
300045,IT设备
300046,半导体
300047,软件服务
300048,电气设备
300049,医疗保健
300050,软件服务
300051,互联网
300052,互联网
300053,半导体
300054,化工原料
300055,环境保护
300056,环境保护
300057,铝
300058,广告包装
300059,证券
300061,互联网
300062,电气设备
300063,互联网
300064,矿物制品
300065,船舶
300066,电器仪表
300067,染料涂料
300068,电气设备
300069,电气设备
300070,环境保护
300071,广告包装
300072,环境保护
300073,电气设备
300074,软件服务
300075,软件服务
300076,IT设备
300077,半导体
300078,软件服务
300079,通信设备
300080,电气设备
300081,文教休闲
300082,化工原料
300083,机械基件
300084,专用机械
300085,软件服务
300086,化学制药
300087,种植业
300088,元器件
300089,文教休闲
300091,机械基件
300092,专用机械
300093,玻璃
300094,渔业
300095,机械基件
300096,软件服务
300097,专用机械
300098,通信设备
300099,电器仪表
300100,汽车服务
300101,通信设备
300102,半导体
300103,环境保护
300105,电器仪表
300106,农业综合
300107,化工原料
300108,中成药
300109,医疗保健
300110,化学制药
300111,化学制药
300112,电器仪表
300113,互联网
300114,电器仪表
300115,元器件
300116,电气设备
300117,装修装饰
300118,电气设备
300119,农业综合
300120,元器件
300121,化工原料
300122,生物制药
300123,半导体
300124,电器仪表
300125,电气设备
300126,轻工机械
300127,元器件
300128,元器件
300129,电气设备
300130,IT设备
300131,商贸代理
300132,化工原料
300133,影视音像
300134,通信设备
300135,化工原料
300136,通信设备
300137,环境保护
300138,食品
300139,元器件
300140,环境保护
300141,电气设备
300142,生物制药
300143,医疗保健
300144,旅游景点
300145,专用机械
300146,医疗保健
300147,中成药
300148,互联网
300149,生物制药
300150,软件服务
300151,专用机械
300152,环境保护
300153,电气设备
300154,机械基件
300155,元器件
300157,石油开采
300158,化学制药
300159,航空
300160,玻璃
300161,机床制造
300162,元器件
300163,其他建材
300164,石油开采
300165,电器仪表
300166,软件服务
300167,软件服务
300168,软件服务
300169,塑料
300170,软件服务
300171,医疗保健
300172,环境保护
300173,轻工机械
300174,化工原料
300175,食品
300176,汽车配件
300177,通信设备
300178,旅游服务
300179,矿物制品
300180,化纤
300181,中成药
300182,影视音像
300183,通信设备
300184,商贸代理
300185,工程机械
300187,环境保护
300188,软件服务
300189,种植业
300190,环境保护
300191,石油开采
300192,文教休闲
300193,专用机械
300194,化学制药
300195,轻工机械
300196,玻璃
300197,环境保护
300198,塑料
300199,化学制药
300200,化工原料
300201,专用机械
300202,IT设备
300203,环境保护
300204,生物制药
300205,通信设备
300206,医疗保健
300207,元器件
300208,电气设备
300209,互联网
300210,专用机械
300211,通信设备
300212,软件服务
300213,通信设备
300214,化工原料
300215,电气设备
300217,家用电器
300218,塑料
300219,元器件
300220,元器件
300221,塑料
300222,电气设备
300223,半导体
300224,元器件
300225,染料涂料
300226,互联网
300227,元器件
300228,化工机械
300229,软件服务
300230,塑料
300231,软件服务
300232,半导体
300233,化学制药
300234,陶瓷
300235,软件服务
300236,半导体
300237,建筑工程
300238,医疗保健
300239,生物制药
300240,仓储物流
300241,半导体
300242,互联网
300243,化工原料
300244,医疗保健
300245,软件服务
300246,医疗保健
300247,医疗保健
300248,软件服务
300249,软件服务
300250,软件服务
300251,影视音像
300252,通信设备
300253,软件服务
300254,化学制药
300255,生物制药
300256,元器件
300257,机械基件
300258,汽车配件
300259,电器仪表
300260,机械基件
300261,农药化肥
300262,水务
300263,专用机械
300264,通信设备
300265,电气设备
300266,环境保护
300267,化学制药
300268,农业综合
300269,半导体
300270,通信设备
300271,软件服务
300272,家用电器
300273,医疗保健
300274,电气设备
300275,工程机械
300276,专用机械
300277,软件服务
300278,专用机械
300279,元器件
300280,广告包装
300281,专用机械
300282,文教休闲
300283,电气设备
300284,建筑工程
300285,陶瓷
300286,电器仪表
300287,软件服务
300288,软件服务
300289,医疗保健
300290,软件服务
300291,影视音像
300292,软件服务
300293,专用机械
300294,生物制药
300295,互联网
300296,半导体
300297,软件服务
300298,医疗保健
300299,互联网
300300,软件服务
300301,半导体
300302,软件服务
300303,半导体
300304,汽车配件
300305,塑料
300306,电器仪表
300307,纺织机械
300308,通信设备
300309,多元金融
300310,通信设备
300311,软件服务
300312,通信设备
300313,农业综合
300314,医疗保健
300315,互联网
300316,专用机械
300317,半导体
300318,医疗保健
300319,元器件
300320,橡胶
300321,塑料
300322,通信设备
300323,半导体
300324,软件服务
300325,塑料
300326,医疗保健
300327,半导体
300328,铝
300329,文教休闲
300330,软件服务
300331,元器件
300332,供气供热
300333,软件服务
300334,水务
300335,供气供热
300336,影视音像
300337,铝
300338,文教休闲
300339,软件服务
300340,电气设备
300341,电气设备
300342,家用电器
300343,化工原料
300344,软件服务
300345,机械基件
300346,元器件
300347,医疗保健
300348,软件服务
300349,电器仪表
300350,仓储物流
300351,运输设备
300352,软件服务
300353,通信设备
300354,电器仪表
300355,环境保护
300356,电气设备
300357,生物制药
300358,医疗保健
300359,文教休闲
300360,电器仪表
300363,化学制药
300364,出版业
300365,软件服务
300366,软件服务
300367,IT设备
300368,IT设备
300369,软件服务
300370,电器仪表
300371,电器仪表
300373,半导体
300374,其他建材
300375,汽车配件
300376,电气设备
300377,软件服务
300378,软件服务
300379,软件服务
300380,软件服务
300381,化学制药
300382,专用机械
300383,电信运营
300384,建筑工程
300385,环境保护
300386,软件服务
300387,化工原料
300388,环境保护
300389,半导体
300390,电气设备
300391,机械基件
300392,互联网
300393,塑料
300394,通信设备
300395,玻璃
300396,医疗保健
300397,通信设备
300398,染料涂料
300399,互联网
300400,专用机械
300401,食品
300402,专用机械
300403,家用电器
300404,医疗保健
300405,化工原料
300406,医疗保健
300407,电气设备
300408,元器件
300409,陶瓷
300410,电器仪表
300411,专用机械
300412,医疗保健
300413,影视音像
300414,通信设备
300415,专用机械
300416,电器仪表
300417,电器仪表
300418,互联网
300419,软件服务
300420,机械基件
300421,机械基件
300422,环境保护
300423,电气设备
300424,航空
300425,环境保护
300426,影视音像
300427,电气设备
300428,汽车配件
300429,化工原料
300430,电器仪表
300432,汽车配件
300433,元器件
300434,化学制药
300435,供气供热
300436,化学制药
300437,化工原料
300438,电气设备
300439,医疗保健
300440,软件服务
300441,机床制造
300442,轻工机械
300443,电气设备
300444,电气设备
300445,电器仪表
300446,化工原料
300447,电气设备
300448,软件服务
300449,IT设备
300450,专用机械
300451,软件服务
300452,化学制药
300453,医疗保健
300454,软件服务
300455,运输设备
300456,元器件
300457,专用机械
300458,元器件
300459,互联网
300460,元器件
300461,专用机械
300462,专用机械
300463,医疗保健
300464,机械基件
300465,软件服务
300466,电器仪表
300467,互联网
300468,软件服务
300469,软件服务
300470,机械基件
300471,专用机械
300472,专用机械
300473,汽车配件
300474,元器件
300475,家用电器
300476,元器件
300477,电气设备
300478,橡胶
300479,软件服务
300480,专用机械
300481,化工原料
300482,医疗保健
300483,石油开采
300484,电气设备
300485,生物制药
300486,专用机械
300487,化工原料
300488,机械基件
300489,铝
300490,电气设备
300491,电气设备
300492,建筑工程
300493,通信设备
300494,互联网
300495,环境保护
300496,软件服务
300497,化学制药
300498,农业综合
300499,专用机械
300500,建筑工程
300501,广告包装
300502,通信设备
300503,机械基件
300504,通信设备
300505,化工原料
300506,建筑工程
300507,汽车配件
300508,软件服务
300509,专用机械
300510,电气设备
300511,种植业
300512,专用机械
300513,软件服务
300514,电器仪表
300515,电器仪表
300516,电器仪表
300517,建筑工程
300518,互联网
300519,中成药
300520,软件服务
300521,专用机械
300522,染料涂料
300523,软件服务
300525,软件服务
300526,专用机械
300527,专用机械
300528,影视音像
300529,医疗保健
300530,化工原料
300531,软件服务
300532,软件服务
300533,互联网
300534,中成药
300535,化工原料
300536,建筑工程
300537,染料涂料
300538,批发业
300539,塑料
300540,专用机械
300541,软件服务
300542,软件服务
300543,电气设备
300545,专用机械
300546,元器件
300547,汽车配件
300548,元器件
300549,专用机械
300550,软件服务
300551,IT设备
300552,软件服务
300553,电器仪表
300554,矿物制品
300555,通信设备
300556,软件服务
300557,电器仪表
300558,化学制药
300559,软件服务
300560,通信设备
300561,软件服务
300562,医疗保健
300563,通信设备
300564,建筑工程
300565,通信设备
300566,元器件
300567,电器仪表
300568,化工原料
300569,电气设备
300570,元器件
300571,互联网
300572,电器仪表
300573,化学制药
300575,农药化肥
300576,染料涂料
300577,纺织
300578,通信设备
300579,软件服务
300580,汽车配件
300581,航空
300582,半导体
300583,生物制药
300584,化学制药
300585,汽车配件
300586,化工原料
300587,橡胶
300588,软件服务
300589,船舶
300590,通信设备
300591,服饰
300592,文教休闲
300593,电气设备
300594,运输设备
300595,医疗保健
300596,化工原料
300597,通信设备
300598,软件服务
300599,塑料
300600,船舶
300601,生物制药
300602,元器件
300603,通信设备
300604,专用机械
300605,软件服务
300606,机械基件
300607,专用机械
300608,软件服务
300609,互联网
300610,化工原料
300611,汽车配件
300612,广告包装
300613,半导体
300614,环境保护
300615,元器件
300616,家居用品
300617,电气设备
300618,小金属
300619,专用机械
300620,元器件
300621,装修装饰
300622,其他商业
300623,半导体
300624,软件服务
300625,家用电器
300626,电气设备
300627,通信设备
300628,通信设备
300629,元器件
300630,化学制药
300631,水务
300632,半导体
300633,医疗保健
300634,软件服务
300635,建筑工程
300636,化学制药
300637,化工原料
300638,通信设备
300639,医疗保健
300640,家居用品
300641,化工原料
300642,医疗保健
300643,汽车配件
300644,塑料
300645,软件服务
300647,元器件
300648,电器仪表
300649,建筑工程
300650,电气设备
300651,文教休闲
300652,汽车配件
300653,医疗保健
300654,出版业
300655,化工原料
300656,IT设备
300657,元器件
300658,纺织
300659,软件服务
300660,电气设备
300661,半导体
300662,综合类
300663,软件服务
300664,环境保护
300665,染料涂料
300666,元器件
300667,电器仪表
300668,装修装饰
300669,机械基件
300670,电气设备
300671,半导体
300672,半导体
300673,饲料
300674,软件服务
300675,建筑工程
300676,医疗保健
300677,医疗保健
300678,软件服务
300679,元器件
300680,汽车配件
300681,汽车配件
300682,软件服务
300683,生物制药
300684,化工原料
300685,医疗保健
300686,元器件
300687,软件服务
300688,文教休闲
300689,元器件
300690,电气设备
300691,元器件
300692,环境保护
300693,电气设备
300694,汽车配件
300695,汽车配件
300696,航空
300697,铜
300698,通信设备
300699,化工原料
300700,矿物制品
300701,元器件
300702,化学制药
300703,文教休闲
300705,化学制药
300706,元器件
300707,专用机械
300708,半导体
300709,元器件
300710,通信设备
300711,通信设备
300712,建筑工程
300713,电气设备
300715,其他建材
300716,塑料
300717,塑料
300718,机械基件
300719,航空
300720,电器仪表
300721,化工原料
300722,航空
300723,化学制药
300724,专用机械
300725,化学制药
300726,元器件
300727,化工原料
300729,家居用品
300730,软件服务
300731,橡胶
300732,建筑工程
300733,汽车配件
300735,通信设备
300736,通信设备
300737,其他建材
300738,电信运营
300739,元器件
300740,日用化工
300741,食品
300742,汽车配件
300743,IT设备
300745,汽车配件
300746,建筑工程
300747,元器件
300748,元器件
300749,家居用品
300750,电气设备
300751,专用机械
300752,元器件
300753,医疗保健
300755,其他商业
300756,专用机械
300757,专用机械
300758,染料涂料
300759,化学制药
300760,医疗保健
300761,农业综合
300762,通信设备
300763,电气设备
300765,食品
300766,互联网
300767,橡胶
300768,软件服务
300769,化工原料
300770,影视音像
300771,IT设备
300772,电气设备
300773,软件服务
300774,环境保护
300775,航空
300776,专用机械
300777,化纤
300778,建筑工程
300779,环境保护
300780,机械基件
300781,广告包装
300782,元器件
300783,食品
300785,互联网
300786,环境保护
300787,通信设备
300788,出版业
300789,软件服务
300790,电器仪表
300791,医疗保健
300792,互联网
300793,IT设备
300795,综合类
300796,化工原料
300797,电器仪表
300798,染料涂料
300799,软件服务
300800,环境保护
300801,化工原料
300802,IT设备
300803,软件服务
300805,广告包装
300806,塑料
300807,软件服务
300808,家用电器
300809,机床制造
300810,船舶
300811,元器件
300812,专用机械
300813,医疗保健
300814,元器件
300815,环境保护
300816,环境保护
300817,机械基件
300818,专用机械
300819,化纤
300820,电气设备
300821,化工原料
300822,元器件
300823,专用机械
300824,家用电器
300825,汽车服务
300826,建筑工程
300827,电气设备
300828,铝
300829,食品
300830,软件服务
300831,元器件
300832,医疗保健
300833,专用机械
300834,化工原料
300835,元器件
300836,专用机械
300837,专用机械
300838,电器仪表
300839,石油加工
300840,服饰
300841,生物制药
300842,半导体
300843,元器件
300844,建筑工程
300845,软件服务
300846,软件服务
300847,化工原料
300848,化工原料
300849,塑料
300850,机械基件
300851,运输设备
300852,元器件
300853,电器仪表
300854,环境保护
300855,钢加工
300856,日用化工
300857,IT设备
300858,食品
300859,旅游服务
300860,文教休闲
300861,矿物制品
300862,电器仪表
300863,汽车配件
300864,环境保护
300865,专用机械
300866,元器件
300867,环境保护
300868,通信设备
300869,医疗保健
300870,元器件
300871,农业综合
300872,软件服务
300873,仓储物流
300875,专用机械
300876,化纤
300877,纺织
300878,中成药
300879,农用机械
300880,电器仪表
300881,钢加工
300882,电器仪表
300883,造纸
300884,通信设备
300885,机械基件
300886,化工原料
300887,综合类
300888,医疗保健
300889,电气设备
300890,矿物制品
300891,化工原料
300892,乳制品
300893,汽车配件
300894,家用电器
300895,软件服务
300896,医疗保健
300897,电器仪表
300898,乳制品
300899,环境保护
300900,航空
300901,服饰
300902,专用机械
300903,元器件
300905,塑料
300906,专用机械
300907,电气设备
300908,食品
300909,元器件
300910,化工原料
300911,家用电器
300912,环境保护
300913,电气设备
300915,食品
300916,元器件
300917,房产服务
300918,纺织
300919,电气设备
300920,塑料
300921,互联网
300922,专用机械
300923,运输设备
300925,软件服务
300926,汽车配件
300927,化工原料
300928,汽车配件
300929,环境保护
300930,小金属
300931,运输设备
300932,电气设备
300933,电气设备
300935,软件服务
300936,元器件
300937,医药商业
300938,综合类
300939,元器件
300940,元器件
300941,软件服务
300942,医疗保健
300943,机械基件
300945,服饰
300946,机械基件
300947,综合类
300948,环境保护
300949,建筑工程
300950,专用机械
300951,元器件
300952,纺织
300953,电气设备
300955,日用化工
300956,IT设备
300957,日用化工
300958,环境保护
300959,电信运营
300960,运输设备
300961,环境保护
300962,综合类
300963,小金属
300964,元器件
300965,航空
300966,化学制药
300967,农业综合
300968,元器件
300969,汽车配件
300970,种植业
300971,机械基件
300972,种植业
300973,食品
300975,商贸代理
300976,元器件
300977,建筑工程
300978,汽车配件
300979,服饰
300980,塑料
300981,医疗保健
300982,建筑工程
300983,建筑工程
300984,机械基件
300985,汽车配件
300986,铝
300987,互联网
300988,机械基件
300989,建筑工程
300990,专用机械
300991,元器件
300992,专用机械
300993,家居用品
300994,文教休闲
300995,塑料
300996,软件服务
300997,软饮料
300998,专用机械
300999,食品
301000,汽车配件
301001,互联网
301002,电气设备
301003,塑料
301004,家居用品
301005,汽车配件
301006,电器仪表
301007,汽车配件
301008,家用电器
301009,造纸
301010,其他建材
301011,文教休闲
301012,电气设备
301013,专用机械
301015,医药商业
301016,运输设备
301017,医药商业
301018,专用机械
301019,塑料
301020,机械基件
301021,元器件
301022,专用机械
301023,电气设备
301024,建筑工程
301025,出版业
301026,小金属
301027,建筑工程
301028,专用机械
301029,专用机械
301030,环境保护
301031,电气设备
301032,机械基件
301033,医疗保健
301035,农药化肥
301036,染料涂料
301037,化工原料
301038,建筑工程
301039,汽车整车
301040,机械基件
301041,元器件
301042,电器仪表
301043,机械基件
301045,元器件
301046,新型电力
301047,医疗保健
301048,运输设备
301049,环境保护
301050,航空
301051,元器件
301052,出版业
301053,专用机械
301055,家居用品
301056,运输设备
301057,化纤
301058,建筑工程
301059,化工原料
301060,医疗保健
301061,家居用品
301062,广告包装
301063,电气设备
301065,化工原料
301066,纺织
301067,元器件
301068,环境保护
301069,化工原料
301070,机械基件
301071,矿物制品
301072,汽车配件
301073,酒店餐饮
301075,化学制药
301076,化工原料
301077,化工原料
301078,其他商业
301079,机械基件
301080,医疗保健
301081,环境保护
301082,电气设备
301083,专用机械
301085,软件服务
301086,元器件
301087,医疗保健
301088,服饰
301089,化学制药
301090,化工原料
301091,建筑工程
301092,化工原料
301093,医疗保健
301096,医疗保健
301098,建筑工程
301099,批发业
301100,化工原料
301101,元器件
301106,元器件
301108,日用化工
301110,互联网
301111,中成药
301113,家居用品
301116,食品
301117,软件服务
301118,化工原料
301119,汽车配件
301122,医疗保健
301123,元器件
301126,医药商业
301127,环境保护
301128,专用机械
301129,电器仪表
301130,化学制药
301131,塑料
301133,汽车配件
301136,建筑工程
301138,专用机械
301149,化工原料
301155,电气设备
301158,专用机械
301159,软件服务
301166,医药商业
301167,建筑工程
301168,电气设备
301169,软件服务
301177,服饰
301178,软件服务
301179,软件服务
301180,元器件
301181,汽车配件
301182,元器件
301185,软件服务
301186,专用机械
301188,玻璃
301189,通信设备
301190,染料涂料
301193,塑料
301196,专用机械
301198,塑料
301199,专用机械
301200,专用机械
301201,化学制药
301206,食品
301207,生物制药
301211,化学制药
301213,软件服务
301215,汽车服务
301217,元器件
301218,软件服务
301219,小金属
301221,软件服务
301222,电气设备
301228,综合类
301229,汽车配件
301235,医疗保健
301236,软件服务
430047,
430090,
430198,
430418,
430489,
430510,
600000,银行
600004,机场
600006,汽车整车
600007,园区开发
600008,环境保护
600009,机场
600010,普钢
600011,火力发电
600012,路桥
600015,银行
600016,银行
600017,港口
600018,港口
600019,普钢
600020,路桥
600021,火力发电
600022,普钢
600023,火力发电
600025,水力发电
600026,水运
600027,火力发电
600028,石油加工
600029,空运
600030,证券
600031,工程机械
600032,新型电力
600033,路桥
600035,路桥
600036,银行
600037,影视音像
600038,航空
600039,建筑工程
600048,全国地产
600050,电信运营
600051,综合类
600052,影视音像
600053,多元金融
600054,旅游景点
600055,医疗保健
600056,医药商业
600057,仓储物流
600058,商贸代理
600059,红黄酒
600060,家用电器
600061,证券
600062,化学制药
600063,化纤
600064,园区开发
600066,汽车整车
600067,全国地产
600070,互联网
600071,元器件
600072,船舶
600073,食品
600075,化工原料
600076,其他建材
600077,全国地产
600078,化工原料
600079,化学制药
600080,中成药
600081,汽车配件
600082,园区开发
600083,综合类
600084,红黄酒
600085,中成药
600088,影视音像
600089,电气设备
600090,医药商业
600091,化工原料
600093,多元金融
600094,区域地产
600095,证券
600096,农药化肥
600097,渔业
600098,火力发电
600099,汽车整车
600100,IT设备
600101,水力发电
600103,造纸
600104,汽车整车
600105,通信设备
600106,路桥
600107,服饰
600108,种植业
600109,证券
600110,电气设备
600111,小金属
600112,电气设备
600113,区域地产
600114,机械基件
600115,空运
600116,水力发电
600117,特种钢
600118,航空
600119,仓储物流
600120,多元金融
600121,煤炭开采
600122,其他商业
600123,煤炭开采
600125,铁路
600126,普钢
600127,农业综合
600128,商贸代理
600129,中成药
600130,通信设备
600131,通信设备
600132,啤酒
600133,园区开发
600135,化工原料
600136,影视音像
600137,服饰
600138,旅游服务
600139,综合类
600141,化工原料
600143,塑料
600145,房产服务
600146,服饰
600148,汽车配件
600149,综合类
600150,船舶
600151,汽车配件
600152,电气设备
600153,仓储物流
600155,证券
600156,纺织
600157,火力发电
600158,文教休闲
600159,区域地产
600160,化工原料
600161,生物制药
600162,全国地产
600163,新型电力
600165,化工原料
600166,汽车整车
600167,供气供热
600168,水务
600169,工程机械
600170,建筑工程
600171,半导体
600172,矿物制品
600173,全国地产
600176,玻璃
600177,服饰
600178,汽车配件
600179,仓储物流
600180,仓储物流
600182,汽车配件
600183,元器件
600184,专用机械
600185,区域地产
600186,食品
600187,水务
600188,煤炭开采
600189,软饮料
600190,港口
600191,食品
600192,电气设备
600193,装修装饰
600195,农业综合
600196,化学制药
600197,白酒
600198,通信设备
600199,白酒
600200,化学制药
600201,农业综合
600202,电气设备
600203,元器件
600206,半导体
600207,供气供热
600208,全国地产
600209,装修装饰
600210,广告包装
600211,中成药
600212,综合类
600213,汽车整车
600215,园区开发
600216,化学制药
600217,环境保护
600218,农用机械
600219,铝
600220,纺织
600221,空运
600222,中成药
600223,区域地产
600225,区域地产
600226,互联网
600227,化学制药
600228,互联网
600229,出版业
600230,农药化肥
600231,普钢
600232,纺织
600233,仓储物流
600234,综合类
600235,造纸
600236,水力发电
600237,元器件
600238,红黄酒
600239,区域地产
600241,电气设备
600242,软件服务
600243,机床制造
600246,区域地产
600248,建筑工程
600249,日用化工
600250,商贸代理
600251,农业综合
600252,中成药
600255,小金属
600256,石油开采
600257,渔业
600258,酒店餐饮
600259,小金属
600260,通信设备
600261,家用电器
600262,汽车整车
600265,林业
600266,区域地产
600267,化学制药
600268,电气设备
600269,路桥
600271,IT设备
600272,医药商业
600273,化工原料
600275,渔业
600276,化学制药
600277,化工原料
600278,商贸代理
600279,港口
600280,百货
600281,综合类
600282,普钢
600283,水务
600284,建筑工程
600285,中成药
600287,商贸代理
600288,软件服务
600289,软件服务
600290,电气设备
600291,保险
600292,环境保护
600293,玻璃
600295,特种钢
600297,汽车服务
600298,食品
600299,化学制药
600300,软饮料
600301,商贸代理
600302,纺织机械
600303,汽车整车
600305,食品
600306,百货
600307,普钢
600308,造纸
600309,化工原料
600310,水力发电
600311,黄金
600312,电气设备
600313,种植业
600315,日用化工
600316,航空
600318,多元金融
600319,化工原料
600320,工程机械
600321,其他建材
600322,区域地产
600323,环境保护
600325,区域地产
600326,水泥
600327,汽车服务
600328,化工原料
600329,中成药
600330,元器件
600331,铅锌
600332,中成药
600333,供气供热
600335,汽车配件
600336,家用电器
600337,家居用品
600338,铅锌
600339,石油加工
600340,区域地产
600343,航空
600345,通信设备
600346,化纤
600348,煤炭开采
600350,路桥
600351,中成药
600352,染料涂料
600353,元器件
600354,种植业
600355,元器件
600356,造纸
600358,旅游服务
600359,农业综合
600360,半导体
600361,超市连锁
600362,铜
600363,元器件
600365,红黄酒
600366,矿物制品
600367,化工原料
600368,路桥
600369,证券
600370,化工原料
600371,种植业
600372,航空
600373,出版业
600375,汽车整车
600376,区域地产
600377,路桥
600378,化工原料
600379,电气设备
600380,化学制药
600381,医疗保健
600382,商贸代理
600383,全国地产
600385,化学制药
600386,汽车服务
600387,石油贸易
600388,环境保护
600389,农药化肥
600390,多元金融
600391,航空
600392,小金属
600393,全国地产
600395,煤炭开采
600396,火力发电
600397,煤炭开采
600398,服饰
600399,特种钢
600400,服饰
600403,煤炭开采
600405,电气设备
600406,电气设备
600408,焦炭加工
600409,化工原料
600410,软件服务
600415,商品城
600416,电气设备
600418,汽车整车
600419,乳制品
600420,化学制药
600421,综合类
600422,中成药
600423,农药化肥
600425,水泥
600426,农药化肥
600428,水运
600429,乳制品
600433,造纸
600435,专用机械
600436,中成药
600438,电气设备
600439,服饰
600444,专用机械
600446,软件服务
600448,纺织
600449,水泥
600452,水力发电
600455,文教休闲
600456,小金属
600458,塑料
600459,小金属
600460,半导体
600461,水务
600462,广告包装
600463,园区开发
600466,区域地产
600467,渔业
600468,电气设备
600469,汽车配件
600470,农药化肥
600475,环境保护
600476,软件服务
600477,钢加工
600478,元器件
600479,中成药
600480,汽车配件
600481,机械基件
600482,船舶
600483,火力发电
600486,农药化肥
600487,通信设备
600488,化学制药
600489,黄金
600490,铜
600491,建筑工程
600493,纺织
600495,运输设备
600496,钢加工
600497,铅锌
600498,通信设备
600499,专用机械
600500,塑料
600501,汽车配件
600502,建筑工程
600503,区域地产
600505,水力发电
600506,种植业
600507,特种钢
600508,煤炭开采
600509,火力发电
600510,全国地产
600511,医药商业
600512,建筑工程
600513,化学制药
600515,全国地产
600516,矿物制品
600517,多元金融
600518,中成药
600519,白酒
600520,机械基件
600521,化学制药
600522,通信设备
600523,汽车配件
600525,电气设备
600526,环境保护
600527,化纤
600528,运输设备
600529,医疗保健
600530,医疗保健
600531,铅锌
600532,医疗保健
600533,区域地产
600535,中成药
600536,软件服务
600537,电气设备
600538,医药商业
600539,互联网
600540,种植业
600543,红黄酒
600545,纺织机械
600546,煤炭开采
600547,黄金
600548,路桥
600549,小金属
600550,电气设备
600551,出版业
600552,玻璃
600555,旅游服务
600556,互联网
600557,中成药
600558,钢加工
600559,白酒
600560,电气设备
600561,公共交通
600562,通信设备
600563,元器件
600565,全国地产
600566,中成药
600567,造纸
600568,区域地产
600569,普钢
600570,软件服务
600571,软件服务
600572,中成药
600573,啤酒
600575,铁路
600576,影视音像
600577,电气设备
600578,火力发电
600579,化工机械
600580,电气设备
600581,普钢
600582,工程机械
600583,石油开采
600584,半导体
600585,水泥
600586,玻璃
600587,医疗保健
600588,软件服务
600589,塑料
600590,电气设备
600592,机械基件
600593,旅游服务
600594,中成药
600595,铝
600596,化工原料
600597,乳制品
600598,种植业
600599,多元金融
600600,啤酒
600601,IT设备
600602,软件服务
600603,仓储物流
600604,园区开发
600605,房产服务
600606,建筑工程
600608,商贸代理
600609,汽车配件
600610,化工原料
600611,公共交通
600612,服饰
600613,中成药
600615,小金属
600616,红黄酒
600617,供气供热
600618,化工原料
600619,家用电器
600620,综合类
600621,证券
600622,区域地产
600623,化工原料
600624,化学制药
600626,汽车配件
600628,百货
600629,建筑工程
600630,纺织
600633,互联网
600635,供气供热
600636,文教休闲
600637,影视音像
600638,区域地产
600639,园区开发
600640,影视音像
600641,区域地产
600642,火力发电
600643,多元金融
600644,水力发电
600645,医疗保健
600647,综合类
600648,园区开发
600649,区域地产
600650,公共交通
600651,电器仪表
600652,互联网
600653,汽车服务
600654,软件服务
600655,百货
600657,全国地产
600658,园区开发
600660,汽车配件
600661,文教休闲
600662,公共交通
600663,园区开发
600664,化学制药
600665,全国地产
600666,元器件
600667,半导体
600668,水泥
600671,中成药
600673,铝
600674,水力发电
600675,区域地产
600676,汽车配件
600678,水泥
600679,文教休闲
600681,供气供热
600682,百货
600683,区域地产
600684,全国地产
600685,船舶
600686,汽车整车
600688,石油加工
600689,纺织
600690,家用电器
600691,农药化肥
600692,房产服务
600693,百货
600694,百货
600695,多元金融
600696,白酒
600697,百货
600698,汽车配件
600699,汽车配件
600702,白酒
600703,半导体
600704,仓储物流
600705,多元金融
600706,旅游服务
600707,元器件
600708,全国地产
600710,商贸代理
600711,小金属
600712,百货
600713,医药商业
600714,化工原料
600715,影视音像
600716,区域地产
600717,港口
600718,软件服务
600719,供气供热
600720,水泥
600721,生物制药
600722,化工原料
600724,水泥
600725,焦炭加工
600726,火力发电
600727,化工原料
600728,软件服务
600729,百货
600730,综合类
600731,农药化肥
600732,电气设备
600733,汽车整车
600734,IT设备
600735,商贸代理
600736,园区开发
600737,食品
600738,百货
600739,商贸代理
600740,焦炭加工
600741,汽车配件
600742,汽车配件
600743,区域地产
600744,火力发电
600745,通信设备
600746,化工原料
600748,全国地产
600749,旅游景点
600750,中成药
600751,商贸代理
600753,商贸代理
600754,酒店餐饮
600755,仓储物流
600756,软件服务
600757,出版业
600758,煤炭开采
600759,石油开采
600760,航空
600761,工程机械
600763,医疗保健
600764,通信设备
600765,航空
600766,黄金
600767,医疗保健
600768,铝
600769,建筑工程
600770,综合类
600771,中成药
600773,区域地产
600774,百货
600775,通信设备
600776,通信设备
600777,石油开采
600778,百货
600779,白酒
600780,火力发电
600781,化学制药
600782,普钢
600783,多元金融
600784,综合类
600785,百货
600787,仓储物流
600789,化学制药
600790,商品城
600791,全国地产
600792,焦炭加工
600793,造纸
600794,仓储物流
600795,火力发电
600796,农药化肥
600797,软件服务
600798,水运
600800,化工原料
600801,水泥
600802,水泥
600803,供气供热
600804,电信运营
600805,综合类
600807,区域地产
600808,普钢
600809,白酒
600810,化纤
600811,农业综合
600812,化学制药
600814,百货
600815,工程机械
600816,多元金融
600817,专用机械
600818,文教休闲
600819,玻璃
600820,建筑工程
600821,新型电力
600822,商贸代理
600823,全国地产
600824,百货
600825,出版业
600826,商贸代理
600827,超市连锁
600828,百货
600829,医药商业
600830,多元金融
600831,影视音像
600833,医药商业
600834,公共交通
600835,运输设备
600836,广告包装
600837,证券
600838,百货
600839,家用电器
600841,机械基件
600843,纺织机械
600844,化工原料
600845,软件服务
600846,建筑工程
600847,电气设备
600848,园区开发
600850,软件服务
600851,化学制药
600853,建筑工程
600854,家用电器
600855,专用机械
600856,供气供热
600857,百货
600858,百货
600859,百货
600860,专用机械
600861,百货
600862,航空
600863,火力发电
600864,证券
600865,百货
600866,食品
600867,生物制药
600868,水力发电
600869,电气设备
600870,家用电器
600871,石油开采
600872,食品
600873,食品
600874,环境保护
600875,电气设备
600876,玻璃
600877,电气设备
600879,航空
600880,广告包装
600881,水泥
600882,乳制品
600883,水泥
600884,电气设备
600885,电气设备
600886,水力发电
600887,乳制品
600888,铝
600889,化纤
600890,区域地产
600892,影视音像
600893,航空
600894,运输设备
600895,园区开发
600896,生物制药
600897,机场
600898,通信设备
600900,水力发电
600901,多元金融
600903,供气供热
600905,新型电力
600906,证券
600908,银行
600909,证券
600916,黄金
600917,供气供热
600918,证券
600919,银行
600926,银行
600927,多元金融
600928,银行
600929,食品
600933,汽车配件
600935,化工原料
600936,影视音像
600939,建筑工程
600941,电信运营
600955,化工原料
600956,供气供热
600958,证券
600959,影视音像
600960,汽车配件
600961,铅锌
600962,软饮料
600963,造纸
600965,农业综合
600966,造纸
600967,运输设备
600968,石油开采
600969,水力发电
600970,建筑工程
600971,煤炭开采
600973,电气设备
600975,农业综合
600976,中成药
600977,影视音像
600979,水力发电
600980,元器件
600981,商贸代理
600982,供气供热
600983,家用电器
600984,工程机械
600985,煤炭开采
600986,互联网
600987,纺织
600988,黄金
600989,化工原料
600990,通信设备
600992,钢加工
600993,中成药
600995,水力发电
600996,影视音像
600997,煤炭开采
600998,医药商业
600999,证券
601000,港口
601001,煤炭开采
601002,机械基件
601003,普钢
601005,普钢
601006,铁路
601007,酒店餐饮
601008,港口
601009,银行
601010,超市连锁
601011,焦炭加工
601012,电气设备
601015,焦炭加工
601016,新型电力
601018,港口
601019,出版业
601020,铅锌
601021,空运
601028,商贸代理
601038,农用机械
601058,汽车配件
601066,证券
601068,建筑工程
601069,黄金
601077,银行
601086,百货
601088,煤炭开采
601098,出版业
601099,证券
601100,工程机械
601101,煤炭开采
601106,工程机械
601107,路桥
601108,证券
601111,空运
601113,互联网
601116,超市连锁
601117,建筑工程
601118,橡胶
601126,电气设备
601127,汽车整车
601128,银行
601137,小金属
601138,通信设备
601139,供气供热
601155,区域地产
601156,空运
601158,水务
601162,证券
601163,汽车配件
601166,银行
601168,铜
601169,银行
601177,机械基件
601179,电气设备
601186,建筑工程
601187,银行
601188,路桥
601198,证券
601199,水务
601200,环境保护
601208,化工原料
601211,证券
601212,铜
601216,化工原料
601218,电气设备
601222,电器仪表
601225,煤炭开采
601226,建筑工程
601228,港口
601229,银行
601231,元器件
601233,化纤
601236,证券
601238,汽车整车
601258,汽车服务
601279,汽车配件
601288,银行
601298,港口
601311,电气设备
601318,保险
601319,保险
601326,港口
601328,银行
601330,环境保护
601333,铁路
601336,保险
601339,纺织
601360,互联网
601366,百货
601368,水务
601369,机械基件
601375,证券
601377,证券
601388,铝
601390,建筑工程
601398,银行
601399,工程机械
601456,证券
601500,汽车配件
601512,园区开发
601515,广告包装
601518,路桥
601519,软件服务
601528,银行
601555,证券
601566,服饰
601567,电器仪表
601568,化工原料
601577,银行
601579,红黄酒
601588,区域地产
601595,影视音像
601598,仓储物流
601599,纺织
601600,铝
601601,保险
601606,专用机械
601607,医药商业
601608,专用机械
601609,铜
601611,建筑工程
601615,电气设备
601616,电气设备
601618,建筑工程
601619,新型电力
601628,保险
601633,汽车整车
601636,玻璃
601658,银行
601665,银行
601666,煤炭开采
601668,建筑工程
601669,建筑工程
601677,铝
601678,化工原料
601686,钢加工
601688,证券
601689,汽车配件
601696,证券
601698,电信运营
601699,煤炭开采
601700,电气设备
601702,铝
601717,汽车配件
601718,服饰
601727,电气设备
601728,电信运营
601766,运输设备
601777,摩托车
601778,新型电力
601788,证券
601789,建筑工程
601798,化工机械
601799,汽车配件
601800,建筑工程
601801,出版业
601808,石油开采
601811,出版业
601816,铁路
601818,银行
601825,银行
601827,环境保护
601828,其他商业
601838,银行
601857,石油开采
601858,出版业
601860,银行
601865,玻璃
601866,水运
601868,建筑工程
601869,通信设备
601872,水运
601877,电气设备
601878,证券
601880,港口
601881,证券
601882,机床制造
601886,装修装饰
601888,旅游服务
601890,船舶
601898,煤炭开采
601899,铜
601900,出版业
601901,证券
601908,新型电力
601916,银行
601918,煤炭开采
601919,水运
601921,出版业
601928,出版业
601929,影视音像
601933,超市连锁
601939,银行
601949,出版业
601952,种植业
601956,家用电器
601958,小金属
601963,银行
601965,汽车服务
601966,汽车配件
601968,广告包装
601969,普钢
601975,水运
601985,新型电力
601988,银行
601989,船舶
601990,证券
601991,火力发电
601992,水泥
601995,证券
601996,家居用品
601997,银行
601998,银行
601999,出版业
603000,互联网
603001,服饰
603002,化工原料
603003,石油贸易
603005,半导体
603006,汽车配件
603007,建筑工程
603008,家居用品
603009,汽车配件
603010,化工原料
603011,机床制造
603012,专用机械
603013,汽车配件
603015,电气设备
603016,电气设备
603017,建筑工程
603018,建筑工程
603019,IT设备
603020,食品
603021,玻璃
603022,广告包装
603023,汽车配件
603025,纺织机械
603026,化工原料
603027,食品
603028,钢加工
603029,农用机械
603030,装修装饰
603031,百货
603032,公共交通
603033,橡胶
603035,汽车配件
603036,专用机械
603037,汽车配件
603038,装修装饰
603039,软件服务
603040,汽车配件
603041,化工原料
603042,通信设备
603043,食品
603045,电气设备
603048,汽车配件
603050,电气设备
603053,供气供热
603055,纺织
603056,仓储物流
603058,广告包装
603059,日用化工
603060,建筑工程
603063,电气设备
603066,仓储物流
603067,化工原料
603068,半导体
603069,公路
603070,电气设备
603071,批发业
603076,专用机械
603077,化工原料
603078,化工原料
603079,食品
603080,供气供热
603081,专用机械
603083,通信设备
603085,汽车配件
603086,农药化肥
603087,生物制药
603088,专用机械
603089,汽车配件
603090,专用机械
603093,多元金融
603095,纺织机械
603096,出版业
603098,装修装饰
603099,旅游景点
603100,电器仪表
603101,百货
603102,医疗保健
603103,影视音像
603105,电气设备
603106,IT设备
603108,医药商业
603109,电气设备
603110,染料涂料
603111,运输设备
603112,机械基件
603113,焦炭加工
603115,铝
603116,服饰
603117,仓储物流
603118,通信设备
603121,汽车配件
603122,医药商业
603123,百货
603126,环境保护
603127,医疗保健
603128,仓储物流
603129,摩托车
603131,专用机械
603132,铅锌
603133,元器件
603136,旅游景点
603138,软件服务
603139,中成药
603150,塑料
603155,化工原料
603156,软饮料
603157,服饰
603158,汽车配件
603159,专用机械
603160,元器件
603161,汽车配件
603165,造纸
603166,汽车配件
603167,水运
603168,化学制药
603169,专用机械
603171,软件服务
603176,建筑工程
603177,环境保护
603178,汽车配件
603179,汽车配件
603180,家居用品
603181,化工原料
603183,建筑工程
603185,电气设备
603186,元器件
603187,机械基件
603188,染料涂料
603189,软件服务
603192,化工原料
603195,家居用品
603196,服饰
603197,汽车配件
603198,白酒
603199,旅游景点
603200,环境保护
603203,专用机械
603208,家居用品
603212,塑料
603213,化工原料
603214,百货
603215,家用电器
603216,家居用品
603217,化工原料
603218,电气设备
603219,家用电器
603220,通信设备
603221,家居用品
603222,医疗保健
603223,仓储物流
603225,化纤
603226,家居用品
603227,化工原料
603228,元器件
603229,化学制药
603230,出版业
603232,软件服务
603233,医药商业
603236,通信设备
603238,纺织
603239,汽车配件
603256,玻璃
603258,互联网
603259,化学制药
603260,化工原料
603261,航空
603266,汽车配件
603267,元器件
603268,陶瓷
603269,机械基件
603277,专用机械
603278,钢加工
603279,环境保护
603283,专用机械
603286,汽车配件
603288,食品
603289,专用机械
603290,半导体
603297,电器仪表
603298,专用机械
603299,食品
603300,多元金融
603301,医疗保健
603303,家用电器
603305,汽车配件
603306,汽车配件
603308,专用机械
603309,医疗保健
603311,家用电器
603313,家居用品
603315,机械基件
603316,建筑工程
603317,食品
603318,供气供热
603319,汽车配件
603320,机械基件
603321,运输设备
603322,通信设备
603323,银行
603324,环境保护
603326,家居用品
603327,元器件
603328,元器件
603329,仓储物流
603330,塑料
603331,专用机械
603332,化纤
603333,电气设备
603335,汽车配件
603336,农业综合
603337,纺织机械
603338,专用机械
603339,专用机械
603345,食品
603348,汽车配件
603351,化学制药
603353,石油贸易
603355,家用电器
603356,运输设备
603357,建筑工程
603358,汽车配件
603359,环境保护
603360,化工原料
603363,饲料
603365,纺织
603366,家用电器
603367,化学制药
603368,医药商业
603369,白酒
603377,汽车服务
603378,染料涂料
603379,化工原料
603380,元器件
603383,软件服务
603385,家居用品
603386,元器件
603387,医疗保健
603388,建筑工程
603389,家居用品
603390,汽车配件
603392,医疗保健
603393,供气供热
603396,专用机械
603398,文教休闲
603399,小金属
603408,家居用品
603416,电器仪表
603421,通信设备
603429,广告包装
603439,中成药
603444,互联网
603456,医疗保健
603458,建筑工程
603466,文教休闲
603477,农业综合
603486,家用电器
603488,电气设备
603489,电气设备
603496,IT设备
603499,广告包装
603500,运输设备
603501,半导体
603505,矿物制品
603506,房产服务
603507,电气设备
603508,软件服务
603511,服饰
603515,电气设备
603516,通信设备
603517,食品
603518,服饰
603519,家用电器
603520,化学制药
603527,铜
603528,软件服务
603529,摩托车
603530,电气设备
603533,互联网
603535,仓储物流
603536,食品
603538,化学制药
603551,家居用品
603555,服饰
603556,电器仪表
603557,服饰
603558,纺织
603559,通信设备
603565,仓储物流
603566,农业综合
603567,中成药
603568,环境保护
603569,仓储物流
603577,电气设备
603578,玻璃
603579,家用电器
603580,化工原料
603583,电气设备
603585,化工原料
603586,汽车配件
603587,服饰
603588,环境保护
603589,白酒
603590,生物制药
603595,元器件
603596,汽车配件
603598,影视音像
603599,农药化肥
603600,家居用品
603601,玻璃
603602,通信设备
603603,环境保护
603605,日用化工
603606,电气设备
603607,造纸
603608,服饰
603609,饲料
603610,家居用品
603611,运输设备
603612,矿物制品
603613,互联网
603615,家居用品
603616,其他建材
603617,专用机械
603618,电气设备
603619,石油开采
603626,元器件
603628,电气设备
603629,元器件
603630,日用化工
603633,元器件
603636,软件服务
603637,建筑工程
603638,专用机械
603639,农药化肥
603648,仓储物流
603650,化工原料
603655,汽车配件
603656,专用机械
603657,家用电器
603658,医疗保健
603659,化工原料
603660,通信设备
603661,家居用品
603662,电器仪表
603663,小金属
603665,纺织
603666,专用机械
603667,机械基件
603668,饲料
603669,化学制药
603676,化学制药
603677,家用电器
603678,元器件
603679,电气设备
603680,运输设备
603681,化工原料
603682,房产服务
603683,化工原料
603685,电气设备
603686,环境保护
603687,广告包装
603688,矿物制品
603689,供气供热
603690,半导体
603693,新型电力
603696,食品
603697,食品
603698,专用机械
603699,专用机械
603700,电器仪表
603701,汽车配件
603703,通信设备
603706,供气供热
603707,生物制药
603708,超市连锁
603709,家居用品
603711,软饮料
603712,通信设备
603713,仓储物流
603716,医药商业
603717,环境保护
603718,农业综合
603719,食品
603721,影视音像
603722,化工原料
603725,塑料
603726,家用电器
603727,石油开采
603728,电气设备
603729,广告包装
603730,汽车配件
603733,造纸
603737,染料涂料
603738,元器件
603739,农业综合
603755,食品
603757,专用机械
603758,汽车配件
603759,水务
603766,摩托车
603767,汽车配件
603768,汽车配件
603773,元器件
603776,公共交通
603777,食品
603778,建筑工程
603779,红黄酒
603786,汽车配件
603787,摩托车
603788,汽车配件
603789,农用机械
603790,染料涂料
603797,环境保护
603798,石油加工
603799,小金属
603800,专用机械
603801,家居用品
603803,通信设备
603806,塑料
603808,服饰
603809,汽车配件
603810,农药化肥
603811,化学制药
603813,仓储物流
603815,建筑工程
603816,家居用品
603817,环境保护
603818,家居用品
603819,电气设备
603822,环境保护
603823,染料涂料
603825,互联网
603826,染料涂料
603828,装修装饰
603829,电气设备
603833,家居用品
603836,仓储物流
603838,陶瓷
603839,服饰
603843,建筑工程
603848,家居用品
603855,专用机械
603856,塑料
603858,中成药
603859,专用机械
603860,建筑工程
603861,电气设备
603863,造纸
603866,食品
603867,化工原料
603868,家用电器
603869,软件服务
603871,仓储物流
603876,铝
603877,服饰
603878,钢加工
603879,化工原料
603880,医疗保健
603881,电信运营
603882,医疗保健
603883,医药商业
603885,空运
603886,食品
603887,软件服务
603888,互联网
603889,纺织
603890,元器件
603893,半导体
603895,专用机械
603896,中成药
603897,电气设备
603898,家居用品
603899,文教休闲
603900,服饰
603901,专用机械
603903,环境保护
603906,化工原料
603908,纺织
603909,建筑工程
603912,专用机械
603915,机械基件
603916,化工原料
603917,汽车配件
603918,软件服务
603919,白酒
603920,元器件
603922,汽车配件
603926,汽车配件
603927,软件服务
603928,化工原料
603929,装修装饰
603931,化工原料
603933,商贸代理
603936,元器件
603937,铝
603938,化工原料
603939,医药商业
603948,化工原料
603949,汽车配件
603950,汽车配件
603955,环境保护
603956,专用机械
603958,服饰
603959,建筑工程
603960,汽车配件
603963,化学制药
603966,机械基件
603967,仓储物流
603968,化工原料
603969,其他建材
603970,农药化肥
603976,医疗保健
603977,化工原料
603978,小金属
603979,建筑工程
603980,染料涂料
603982,汽车配件
603983,日用化工
603985,机械基件
603986,半导体
603987,医疗保健
603988,电气设备
603989,元器件
603990,软件服务
603991,塑料
603992,家居用品
603993,小金属
603995,特种钢
603996,家用电器
603997,汽车配件
603998,中成药
603999,出版业
605001,运输设备
605003,纺织
605005,汽车配件
605006,玻璃
605007,造纸
605008,塑料
605009,造纸
605011,供气供热
605016,食品
605018,汽车配件
605020,化工原料
605028,供气供热
605033,农药化肥
605050,仓储物流
605055,纺织
605056,电器仪表
605058,元器件
605060,机械基件
605066,电气设备
605068,汽车配件
605069,环境保护
605077,食品
605080,纺织
605081,环境保护
605086,矿物制品
605088,汽车配件
605089,食品
605090,供气供热
605098,文教休闲
605099,文教休闲
605100,机械基件
605108,酒店餐饮
605111,半导体
605116,化学制药
605117,家用电器
605118,元器件
605122,水泥
605123,航空
605128,汽车配件
605133,汽车配件
605136,其他商业
605138,服饰
605151,汽车配件
605155,家居用品
605158,钢加工
605162,供气供热
605166,化工原料
605167,专用机械
605168,互联网
605169,供气供热
605177,化学制药
605178,装修装饰
605179,乳制品
605180,纺织
605183,化工原料
605186,医疗保健
605188,超市连锁
605189,纺织
605196,电气设备
605198,软饮料
605199,中成药
605208,铝
605218,元器件
605222,电气设备
605228,汽车配件
605255,汽车配件
605258,元器件
605259,农用机械
605266,医药商业
605268,家居用品
605277,电气设备
605286,运输设备
605287,装修装饰
605288,电气设备
605289,建筑工程
605296,农业综合
605298,运输设备
605299,文教休闲
605300,食品
605303,建筑工程
605305,专用机械
605318,装修装饰
605319,汽车配件
605333,汽车配件
605336,家用电器
605337,乳制品
605338,食品
605339,食品
605358,半导体
605365,家用电器
605366,化工原料
605368,供气供热
605369,医疗保健
605376,小金属
605377,造纸
605378,电气设备
605388,软饮料
605389,机械基件
605398,软件服务
605399,化工原料
605488,塑料
605499,软饮料
605500,造纸
605507,化学制药
605555,家用电器
605566,染料涂料
605567,食品
605577,出版业
605580,供气供热
605588,半导体
605589,化工原料
605598,建筑工程
605599,黄金
688001,专用机械
688002,通信设备
688003,专用机械
688004,软件服务
688005,电气设备
688006,电气设备
688007,元器件
688008,半导体
688009,运输设备
688010,电器仪表
688011,元器件
688012,专用机械
688013,医疗保健
688015,运输设备
688016,医疗保健
688017,机械基件
688018,半导体
688019,半导体
688020,元器件
688021,环境保护
688022,专用机械
688023,软件服务
688025,元器件
688026,塑料
688027,通信设备
688028,专用机械
688029,医疗保健
688030,软件服务
688032,电气设备
688033,运输设备
688036,通信设备
688037,半导体
688038,软件服务
688039,软件服务
688049,半导体
688050,医疗保健
688051,软件服务
688055,元器件
688056,电器仪表
688057,环境保护
688058,软件服务
688059,机械基件
688060,软件服务
688062,生物制药
688063,电气设备
688065,化纤
688066,软件服务
688067,医疗保健
688068,医疗保健
688069,环境保护
688070,航空
688071,专用机械
688075,医疗保健
688076,生物制药
688077,元器件
688078,软件服务
688079,半导体
688080,通信设备
688081,软件服务
688082,半导体
688083,软件服务
688085,医疗保健
688086,IT设备
688087,环境保护
688088,软件服务
688089,食品
688090,专用机械
688091,化学制药
688092,专用机械
688093,化工原料
688095,软件服务
688096,环境保护
688097,专用机械
688098,农业综合
688099,半导体
688100,通信设备
688101,环境保护
688102,铜
688103,电气设备
688105,医疗保健
688106,化工原料
688107,半导体
688108,医疗保健
688109,软件服务
688110,半导体
688111,软件服务
688112,电器仪表
688113,专用机械
688115,电器仪表
688116,化工原料
688117,生物制药
688118,软件服务
688121,专用机械
688122,小金属
688123,半导体
688126,半导体
688127,元器件
688128,专用机械
688129,染料涂料
688131,化学制药
688133,化工原料
688135,半导体
688136,生物制药
688138,元器件
688139,医疗保健
688148,电气设备
688150,元器件
688151,专用机械
688155,专用机械
688156,环境保护
688157,染料涂料
688158,互联网
688159,通信设备
688160,电器仪表
688161,医疗保健
688162,专用机械
688163,生物制药
688165,专用机械
688166,化学制药
688167,半导体
688168,软件服务
688169,家用电器
688171,软件服务
688173,半导体
688175,通信设备
688176,化学制药
688177,生物制药
688178,环境保护
688179,化学制药
688180,生物制药
688181,半导体
688182,通信设备
688183,元器件
688185,生物制药
688186,特种钢
688187,运输设备
688188,软件服务
688189,化学制药
688190,矿物制品
688191,软件服务
688192,生物制药
688195,元器件
688196,环境保护
688198,医疗保健
688199,化工原料
688200,专用机械
688201,通信设备
688202,医疗保健
688206,半导体
688207,软件服务
688208,汽车配件
688210,元器件
688211,专用机械
688212,医疗保健
688215,专用机械
688216,半导体
688217,医疗保健
688218,专用机械
688219,塑料
688220,半导体
688221,生物制药
688222,化学制药
688223,电气设备
688225,软件服务
688226,电气设备
688227,软件服务
688228,互联网
688229,软件服务
688230,半导体
688232,软件服务
688233,化工原料
688234,半导体
688235,生物制药
688236,医疗保健
688239,航空
688246,软件服务
688248,电气设备
688255,机械基件
688256,元器件
688257,小金属
688258,软件服务
688259,半导体
688260,元器件
688261,半导体
688262,半导体
688265,医疗保健
688266,生物制药
688267,化工原料
688268,化工原料
688269,化工原料
688270,半导体
688272,元器件
688276,生物制药
688277,医疗保健
688278,生物制药
688280,汽车配件
688281,化工原料
688282,通信设备
688283,电器仪表
688285,运输设备
688286,元器件
688288,汽车配件
688289,医疗保健
688296,软件服务
688298,医疗保健
688299,塑料
688300,矿物制品
688301,医疗保健
688303,电气设备
688305,机床制造
688308,机械基件
688309,环境保护
688310,医疗保健
688311,元器件
688312,专用机械
688313,通信设备
688314,医疗保健
688315,医疗保健
688316,软件服务
688317,医疗保健
688318,软件服务
688319,生物制药
688321,化学制药
688323,塑料
688328,元器件
688329,医疗保健
688330,电气设备
688333,机械基件
688335,环境保护
688336,生物制药
688338,医疗保健
688339,汽车配件
688345,电气设备
688350,化工原料
688355,机械基件
688356,化学制药
688357,化工原料
688358,医疗保健
688359,化工原料
688360,机械基件
688363,生物制药
688365,软件服务
688366,生物制药
688367,运输设备
688368,半导体
688369,软件服务
688377,专用机械
688378,专用机械
688379,小金属
688383,专用机械
688385,半导体
688386,化工原料
688388,铜
688389,医疗保健
688390,电气设备
688393,医疗保健
688395,电气设备
688396,半导体
688398,矿物制品
688399,医疗保健
688408,电气设备
688418,通信设备
688425,专用机械
688456,铜
688466,环境保护
688468,医疗保健
688488,生物制药
688499,专用机械
688500,互联网
688501,环境保护
688505,化学制药
688508,半导体
688509,软件服务
688510,航空
688511,元器件
688513,化学制药
688516,专用机械
688517,电气设备
688518,专用机械
688519,元器件
688520,生物制药
688521,半导体
688526,农业综合
688528,电器仪表
688529,汽车配件
688533,汽车配件
688536,半导体
688538,半导体
688550,化工原料
688551,专用机械
688553,化学制药
688555,软件服务
688556,专用机械
688557,专用机械
688558,机床制造
688559,专用机械
688560,电气设备
688561,软件服务
688565,环境保护
688566,化学制药
688567,电气设备
688568,软件服务
688569,运输设备
688571,染料涂料
688575,医疗保健
688577,机床制造
688578,化学制药
688579,软件服务
688580,医疗保健
688585,化工原料
688586,航空
688588,软件服务
688589,半导体
688590,软件服务
688595,半导体
688596,专用机械
688597,电器仪表
688598,矿物制品
688599,电气设备
688600,电器仪表
688601,半导体
688606,医疗保健
688607,医疗保健
688608,半导体
688609,家用电器
688611,电气设备
688613,医疗保健
688616,电器仪表
688617,医疗保健
688618,通信设备
688619,软件服务
688621,医疗保健
688622,电器仪表
688625,化工原料
688626,医疗保健
688628,电器仪表
688630,专用机械
688633,专用机械
688636,元器件
688639,化学制药
688655,元器件
688656,医疗保健
688658,化学制药
688659,环境保护
688660,电气设备
688661,元器件
688662,半导体
688663,电气设备
688665,电器仪表
688667,汽车配件
688668,元器件
688669,化工原料
688670,生物制药
688676,电气设备
688677,医疗保健
688678,元器件
688679,环境保护
688680,塑料
688681,电气设备
688682,软件服务
688683,化工原料
688685,航空
688686,电器仪表
688687,生物制药
688689,元器件
688690,化工原料
688696,IT设备
688697,机床制造
688698,电气设备
688699,半导体
688700,专用机械
688701,环境保护
688707,化工原料
688711,半导体
688718,水务
688722,化纤
688728,半导体
688733,矿物制品
688737,化工原料
688739,生物制药
688766,半导体
688767,医疗保健
688768,电器仪表
688772,电气设备
688776,元器件
688777,软件服务
688778,元器件
688779,电气设备
688786,小金属
688787,软件服务
688788,通信设备
688789,专用机械
688793,家居用品
688798,半导体
688799,化学制药
688800,元器件
688819,电气设备
688981,半导体
830799,
830832,
830839,
830946,
830964,
831010,
831039,
831305,
831370,
831445,
831689,
831726,
831768,
831832,
831856,
831961,
832000,
832089,
832145,
832171,
832225,
832278,
832317,
832419,
832566,
832735,
832885,
833266,
833346,
833427,
833454,
833509,
833523,
833819,
833873,
833874,
833994,
834021,
834415,
834475,
834599,
834682,
834765,
835174,
835179,
835184,
835185,
835305,
835368,
835508,
835640,
835670,
836077,
836149,
836239,
836260,
836263,
836433,
836675,
836720,
836826,
836892,
837092,
837212,
837242,
837344,
838030,
838163,
838275,
838924,
839167,
839680,
839729,
839946,
870204,
870436,
871245,
871396,
871553,
871642,
871857,
871981,
872925,
689009,摩托车
